date,participant,mood,eye_l_ratio,eye_r_ratio,mouth_ratio,alert,drowsy
1970-01-01 00:01:01,31,1,0.2660760420950957,0.23550106338027926,0.23550106338027926,0.055712234,0.9442878
1970-01-01 00:01:03,31,1,0.26638449408694254,0.25,0.25,0.055804696,0.94419533
1970-01-01 00:01:05,31,1,0.2993355473569827,0.2557041559783794,0.2557041559783794,0.05564374,0.94435626
1970-01-01 00:01:07,31,1,0.21706078553111482,0.23550106338027926,0.23550106338027926,0.055414975,0.94458497
1970-01-01 00:01:09,31,1,0.23518021709589934,0.1860521018838127,0.1860521018838127,0.05532912,0.9446709
1970-01-01 00:01:11,31,1,0.23281653683320877,0.2635231383473649,0.2635231383473649,0.055246305,0.9447537
1970-01-01 00:01:13,31,1,0.21241928165661467,0.18492731871615714,0.18492731871615714,0.055204753,0.9447952
1970-01-01 00:01:15,31,1,0.23281653683320877,0.25,0.25,0.05505709,0.94494295
1970-01-01 00:01:17,31,1,0.23281653683320877,0.18861845900368043,0.18861845900368043,0.05492192,0.94507813
1970-01-01 00:01:19,31,1,0.27426490650109264,0.21926450482675733,0.21926450482675733,0.055018984,0.94498104
1970-01-01 00:01:21,31,1,0.26814670400222457,0.1776793906740654,0.1776793906740654,0.054760646,0.94523937
1970-01-01 00:01:23,31,1,0.15811388300841897,0.13279629050460798,0.13279629050460798,0.054894812,0.9451052
1970-01-01 00:01:25,31,1,0.23518021709589934,0.24763027827182427,0.24763027827182427,0.054991037,0.94500893
1970-01-01 00:01:27,31,1,0.2023096723832625,0.2557041559783794,0.2557041559783794,0.054785788,0.9452142
1970-01-01 00:01:29,31,1,0.1457737973711325,0.1178511301977579,0.1178511301977579,0.054784335,0.9452157
1970-01-01 00:01:31,31,1,0.2993355473569827,0.2557041559783794,0.2557041559783794,0.054959185,0.9450409
1970-01-01 00:01:33,31,1,0.2849881999516386,0.19425717247145285,0.19425717247145285,0.05500451,0.9449955
1970-01-01 00:01:35,31,1,0.2660760420950957,0.18861845900368043,0.18861845900368043,0.05514629,0.9448537
1970-01-01 00:01:37,31,1,0.21374114996372895,0.19611613513818404,0.19611613513818404,0.05497923,0.94502074
1970-01-01 00:01:39,31,1,0.21213203435596426,0.18683056596113626,0.18683056596113626,0.05457189,0.94542813
1970-01-01 00:01:41,31,1,0.1457737973711325,0.17601961817623052,0.17601961817623052,0.05464389,0.94535613
1970-01-01 00:01:43,31,1,0.1457737973711325,0.1535737792084878,0.1535737792084878,0.054773603,0.9452264
1970-01-01 00:01:45,31,1,0.24936467495768377,0.20672455764868075,0.20672455764868075,0.05495916,0.9450409
1970-01-01 00:01:47,31,1,0.24936467495768377,0.24763027827182427,0.24763027827182427,0.0547271,0.9452729
1970-01-01 00:01:49,31,1,0.26666666666666666,0.22574662447429522,0.22574662447429522,0.054693315,0.94530666
1970-01-01 00:01:51,31,1,0.2660760420950957,0.25,0.25,0.054489173,0.9455108
1970-01-01 00:01:53,31,1,0.23281653683320877,0.20672455764868075,0.20672455764868075,0.05466264,0.94533736
1970-01-01 00:01:55,31,1,0.21374114996372895,0.1654040222184386,0.1654040222184386,0.05451182,0.9454882
1970-01-01 00:01:57,31,1,0.21374114996372895,0.18683056596113626,0.18683056596113626,0.054464288,0.9455358
1970-01-01 00:01:59,31,1,0.1995570315713218,0.19611613513818404,0.19611613513818404,0.054448593,0.94555146
1970-01-01 00:02:01,31,1,0.26666666666666666,0.25,0.25,0.054524213,0.94547576
1970-01-01 00:02:03,31,1,0.21374114996372895,0.2171861213815347,0.2171861213815347,0.05450211,0.94549793
1970-01-01 00:02:05,31,1,0.18027756377319945,0.13476792334377333,0.13476792334377333,0.054224327,0.9457756
1970-01-01 00:02:07,31,1,0.13216372009101796,0.14403780047891934,0.14403780047891934,0.054130584,0.9458694
1970-01-01 00:02:09,31,1,0.1457737973711325,0.1535737792084878,0.1535737792084878,0.05428672,0.9457133
1970-01-01 00:02:11,31,1,0.16959086634280354,0.1849000654084097,0.1849000654084097,0.054040823,0.94595915
1970-01-01 00:02:13,31,1,0.21213203435596426,0.17601961817623052,0.17601961817623052,0.054218043,0.94578195
1970-01-01 00:02:15,31,1,0.21213203435596426,0.1535737792084878,0.1535737792084878,0.05426677,0.9457332
1970-01-01 00:02:17,31,1,0.23281653683320877,0.19425717247145285,0.19425717247145285,0.054075982,0.945924
1970-01-01 00:02:19,31,1,0.22360679774997896,0.14403780047891934,0.14403780047891934,0.054132402,0.94586754
1970-01-01 00:02:21,31,1,0.2824297026960524,0.26930576909829573,0.26930576909829573,0.054108612,0.9458913
1970-01-01 00:02:23,31,1,0.23281653683320877,0.2622821883177065,0.2622821883177065,0.05404531,0.9459547
1970-01-01 00:02:25,31,1,0.26666666666666666,0.24763027827182427,0.24763027827182427,0.053870376,0.9461297
1970-01-01 00:02:27,31,1,0.15451991617387714,0.1161269872959048,0.1161269872959048,0.053914424,0.9460856
1970-01-01 00:02:29,31,1,0.19383563742320478,0.1414213562373095,0.1414213562373095,0.05397329,0.9460267
1970-01-01 00:02:31,31,1,0.1457737973711325,0.1161269872959048,0.1161269872959048,0.053794328,0.9462057
1970-01-01 00:02:33,31,1,0.13968605915391563,0.13664625560228308,0.13664625560228308,0.054022215,0.94597775
1970-01-01 00:02:35,31,1,0.17601961817623052,0.1355815361366601,0.1355815361366601,0.05390329,0.9460967
1970-01-01 00:02:37,31,1,0.16520465011377244,0.18780231506445405,0.18780231506445405,0.053920083,0.94607997
1970-01-01 00:02:39,31,1,0.1457737973711325,0.1161269872959048,0.1161269872959048,0.05374508,0.94625497
1970-01-01 00:02:41,31,1,0.1457737973711325,0.1414213562373095,0.1414213562373095,0.053837888,0.9461621
1970-01-01 00:02:43,31,1,0.19383563742320478,0.14403780047891934,0.14403780047891934,0.05374737,0.94625264
1970-01-01 00:02:45,31,1,0.26666666666666666,0.2532803652007522,0.2532803652007522,0.05374778,0.94625217
1970-01-01 00:02:47,31,1,0.17677669529663687,0.13339263212805205,0.13339263212805205,0.053863373,0.9461366
1970-01-01 00:02:49,31,1,0.15811388300841897,0.1161269872959048,0.1161269872959048,0.05365293,0.9463471
1970-01-01 00:02:51,31,1,0.15811388300841897,0.1414213562373095,0.1414213562373095,0.05392018,0.94607985
1970-01-01 00:02:53,31,1,0.17460757394239454,0.1414213562373095,0.1414213562373095,0.053698584,0.9463014
1970-01-01 00:02:55,31,1,0.17811762496977412,0.17344447973881214,0.17344447973881214,0.05386573,0.94613427
1970-01-01 00:02:57,31,1,0.16629752630943484,0.15458673560021055,0.15458673560021055,0.053845275,0.9461548
1970-01-01 00:02:59,31,1,0.16520465011377244,0.14403780047891934,0.14403780047891934,0.053733665,0.9462663
1970-01-01 00:03:01,31,1,0.1414213562373095,0.1414213562373095,0.1414213562373095,0.05371892,0.94628114
1970-01-01 00:03:03,31,1,0.1362312444524585,0.10930932902440077,0.10930932902440077,0.05385368,0.9461463
1970-01-01 00:03:05,31,1,0.16520465011377244,0.1414213562373095,0.1414213562373095,0.053722013,0.94627804
1970-01-01 00:03:07,31,1,0.18805811245074375,0.1161269872959048,0.1161269872959048,0.053855415,0.9461446
1970-01-01 00:03:09,31,1,0.15617376188860607,0.1414213562373095,0.1414213562373095,0.053743914,0.94625604
1970-01-01 00:03:11,31,1,0.1362312444524585,0.1414213562373095,0.1414213562373095,0.053610817,0.94638914
1970-01-01 00:03:13,31,1,0.1414213562373095,0.13279629050460798,0.13279629050460798,0.053734988,0.946265
1970-01-01 00:03:15,31,1,0.1457737973711325,0.14403780047891934,0.14403780047891934,0.05258117,0.9474188
1970-01-01 00:03:17,31,1,0.14874102932718242,0.14403780047891934,0.14403780047891934,0.053063005,0.94693696
1970-01-01 00:03:19,31,1,0.3086794759421567,0.29411764705882354,0.29411764705882354,0.05262889,0.94737107
1970-01-01 00:03:21,31,1,0.28079557305298436,0.24961508830135312,0.24961508830135312,0.052725572,0.94727445
1970-01-01 00:03:23,31,1,0.25,0.21926450482675733,0.21926450482675733,0.05309611,0.9469039
1970-01-01 00:03:25,31,1,0.17460757394239454,0.12403473458920847,0.12403473458920847,0.053129744,0.94687027
1970-01-01 00:03:27,31,1,0.21213203435596426,0.19611613513818404,0.19611613513818404,0.052916303,0.94708365
1970-01-01 00:03:29,31,1,0.14398509407946772,0.1178511301977579,0.1178511301977579,0.053068437,0.94693154
1970-01-01 00:03:31,31,1,0.1178511301977579,0.1355815361366601,0.1355815361366601,0.05321709,0.9467829
1970-01-01 00:03:33,31,1,0.17806548535067296,0.14617633655117154,0.14617633655117154,0.052117687,0.94788235
1970-01-01 00:03:35,31,1,0.21428571428571427,0.19174124721184263,0.19174124721184263,0.0521299,0.94787014
1970-01-01 00:03:37,31,1,0.24806946917841693,0.29411764705882354,0.29411764705882354,0.057311516,0.9426885
1970-01-01 00:03:39,31,1,0.2872060404042193,0.2667852642561041,0.2667852642561041,0.052859593,0.94714046
1970-01-01 00:03:41,31,1,0.08600261451922268,0.1914103733721941,0.1914103733721941,0.054444004,0.94555604
1970-01-01 00:03:43,31,1,0.1266401826003761,0.1278520779891897,0.1278520779891897,0.05494093,0.94505906
1970-01-01 00:03:45,31,1,0.16520465011377244,0.1386750490563073,0.1386750490563073,0.053529393,0.9464706
1970-01-01 00:03:47,31,1,0.31323027878410764,0.2807022876983124,0.2807022876983124,0.082262225,0.9177378
1970-01-01 00:03:49,31,1,0.2635231383473649,0.21832400154313186,0.21832400154313186,0.23874839,0.7612516
1970-01-01 00:03:51,31,1,0.170293863659264,0.1995570315713218,0.1995570315713218,0.99927956,0.00072045205
1970-01-01 00:03:53,31,1,0.17344447973881214,0.13333333333333333,0.13333333333333333,0.09305573,0.9069443
1970-01-01 00:03:55,31,1,0.23488808780588138,0.20761369963434992,0.20761369963434992,0.051938042,0.948062
1970-01-01 00:03:57,31,1,0.19824558013652693,0.16520465011377244,0.16520465011377244,0.053610187,0.9463898
1970-01-01 00:03:59,31,1,0.2824297026960524,0.28125,0.28125,0.16870393,0.8312961
1970-01-01 00:04:01,31,1,0.2824297026960524,0.23488808780588138,0.23488808780588138,0.052584708,0.94741523
1970-01-01 00:04:03,31,1,0.24951314462072213,0.24806946917841693,0.24806946917841693,0.05242043,0.94757956
1970-01-01 00:04:05,31,1,0.26814670400222457,0.20098013110861648,0.20098013110861648,0.05258217,0.94741786
1970-01-01 00:04:07,31,1,0.24951314462072213,0.2571922625628131,0.2571922625628131,0.052604005,0.947396
1970-01-01 00:04:09,31,1,0.2660760420950957,0.26638449408694254,0.26638449408694254,0.05248019,0.94751984
1970-01-01 00:04:11,31,1,0.23518021709589934,0.18861845900368043,0.18861845900368043,0.052353337,0.9476467
1970-01-01 00:04:13,31,1,0.2660760420950957,0.20098013110861648,0.20098013110861648,0.05228543,0.9477145
1970-01-01 00:04:15,31,1,0.20098013110861648,0.20672455764868075,0.20672455764868075,0.052196622,0.94780344
1970-01-01 00:04:17,31,1,0.15811388300841897,0.14617633655117154,0.14617633655117154,0.05227166,0.94772834
1970-01-01 00:04:19,31,1,0.23518021709589934,0.22054054569561543,0.22054054569561543,0.051991243,0.9480087
1970-01-01 00:04:21,31,1,0.2405416014096805,0.19824558013652693,0.19824558013652693,0.05206281,0.9479372
1970-01-01 00:04:23,31,1,0.20098013110861648,0.19824558013652693,0.19824558013652693,0.05208866,0.9479114
1970-01-01 00:04:25,31,1,0.20098013110861648,0.1860521018838127,0.1860521018838127,0.05220545,0.9477945
1970-01-01 00:04:27,31,1,0.20896918976428644,0.19824558013652693,0.19824558013652693,0.052038215,0.9479618
1970-01-01 00:04:29,31,1,0.19824558013652693,0.19611613513818404,0.19611613513818404,0.05105911,0.9489409
1970-01-01 00:04:31,31,1,0.2993355473569827,0.23550106338027926,0.23550106338027926,0.0519186,0.9480814
1970-01-01 00:04:33,31,1,0.2643274401820359,0.21832400154313186,0.21832400154313186,0.14235203,0.8576479
1970-01-01 00:04:35,31,1,0.28754969118871215,0.2336824951347944,0.2336824951347944,0.05814643,0.94185364
1970-01-01 00:04:37,31,1,0.2991983466782894,0.2824297026960524,0.2824297026960524,0.11862671,0.8813733
1970-01-01 00:04:39,31,1,0.2781339435704275,0.23671603823699963,0.23671603823699963,0.05254807,0.94745195
1970-01-01 00:04:41,31,1,0.2208630521496931,0.24806946917841693,0.24806946917841693,0.11783167,0.8821684
1970-01-01 00:04:43,31,1,0.31189143077590264,0.26424909878161656,0.26424909878161656,0.052831035,0.947169
1970-01-01 00:04:45,31,1,0.1457737973711325,0.14617633655117154,0.14617633655117154,0.06299308,0.93700695
1970-01-01 00:04:47,31,1,0.15617376188860607,0.1386750490563073,0.1386750490563073,0.16087861,0.83912146
1970-01-01 00:04:49,31,1,0.14403780047891934,0.09662349396012462,0.09662349396012462,0.18066435,0.81933564
1970-01-01 00:04:51,31,1,0.14403780047891934,0.15903404916487007,0.15903404916487007,0.18481505,0.81518495
1970-01-01 00:04:53,31,1,0.1504142093990467,0.09345386270319955,0.09345386270319955,0.118814,0.881186
1970-01-01 00:04:55,31,1,0.1535737792084878,0.1362312444524585,0.1362312444524585,0.0971451,0.90285486
1970-01-01 00:04:57,31,1,0.1161269872959048,0.08687444855261388,0.08687444855261388,0.09662339,0.90337664
1970-01-01 00:04:59,31,1,0.1643989873053573,0.14776353114138543,0.14776353114138543,0.09078885,0.9092112
1970-01-01 00:05:01,31,1,0.18492731871615714,0.12403473458920847,0.12403473458920847,0.085544,0.91445595
1970-01-01 00:05:03,31,1,0.1504142093990467,0.14776353114138543,0.14776353114138543,0.07382811,0.92617184
1970-01-01 00:05:05,31,1,0.1535737792084878,0.1362312444524585,0.1362312444524585,0.076065056,0.923935
1970-01-01 00:05:07,31,1,0.1504142093990467,0.1362312444524585,0.1362312444524585,0.07006819,0.9299318
1970-01-01 00:05:09,31,1,0.17806548535067296,0.15504341823651058,0.15504341823651058,0.063222475,0.9367776
1970-01-01 00:05:11,31,1,0.14403780047891934,0.09912279006826347,0.09912279006826347,0.07102583,0.92897415
1970-01-01 00:05:13,31,1,0.1535737792084878,0.13216372009101796,0.13216372009101796,0.061814707,0.9381853
1970-01-01 00:05:15,31,1,0.1535737792084878,0.12403473458920847,0.12403473458920847,0.08183127,0.9181687
1970-01-01 00:05:17,31,1,0.1681681984990781,0.11913076738605885,0.11913076738605885,0.07933491,0.92066514
1970-01-01 00:05:19,31,1,0.19026059766179765,0.15811388300841897,0.15811388300841897,0.0872038,0.9127962
1970-01-01 00:05:21,31,1,0.14158802848871355,0.14776353114138543,0.14776353114138543,0.07593402,0.92406595
1970-01-01 00:05:23,31,1,0.19026059766179765,0.14776353114138543,0.14776353114138543,0.070678614,0.9293214
1970-01-01 00:05:25,31,1,0.1535737792084878,0.09912279006826347,0.09912279006826347,0.06788274,0.9321173
1970-01-01 00:05:27,31,1,0.1535737792084878,0.09912279006826347,0.09912279006826347,0.069432504,0.9305675
1970-01-01 00:05:29,31,1,0.14158802848871355,0.12403473458920847,0.12403473458920847,0.06896175,0.93103826
1970-01-01 00:05:31,31,1,0.17344447973881214,0.16698687189301853,0.16698687189301853,0.06517269,0.93482727
1970-01-01 00:05:33,31,1,0.14403780047891934,0.06933752452815364,0.06933752452815364,0.06182162,0.9381784
1970-01-01 00:05:35,31,1,0.170293863659264,0.09912279006826347,0.09912279006826347,0.062307004,0.937693
1970-01-01 00:05:37,31,1,0.21988418907182386,0.10448459488214322,0.10448459488214322,0.064416744,0.9355833
1970-01-01 00:05:39,31,1,0.1414213562373095,0.1278520779891897,0.1278520779891897,0.07487247,0.92512757
1970-01-01 00:05:41,31,1,0.18492731871615714,0.1278520779891897,0.1278520779891897,0.069683865,0.9303161
1970-01-01 00:05:43,31,1,0.17344447973881214,0.16795867566612183,0.16795867566612183,0.07341483,0.92658514
1970-01-01 00:05:45,31,1,0.181122692847289,0.1386750490563073,0.1386750490563073,0.0760354,0.9239646
1970-01-01 00:05:47,31,1,0.18492731871615714,0.13216372009101796,0.13216372009101796,0.073005855,0.92699414
1970-01-01 00:05:49,31,1,0.1414213562373095,0.15504341823651058,0.15504341823651058,0.07756374,0.9224363
1970-01-01 00:05:51,31,1,0.19331615043916675,0.13303802104754786,0.13303802104754786,0.07661276,0.9233872
1970-01-01 00:05:53,31,1,0.12381513913591215,0.13216372009101796,0.13216372009101796,0.09847467,0.90152526
1970-01-01 00:05:55,31,1,0.1535737792084878,0.11245405460403443,0.11245405460403443,0.08215714,0.9178428
1970-01-01 00:05:57,31,1,0.1504142093990467,0.10448459488214322,0.10448459488214322,0.09182953,0.90817046
1970-01-01 00:05:59,31,1,0.2171861213815347,0.1278520779891897,0.1278520779891897,0.09479118,0.9052088
1970-01-01 00:01:01,31,0,0.3055555555555556,0.3325950526188697,0.3325950526188697,0.6447113,0.35528865
1970-01-01 00:01:03,31,0,0.29558457709179087,0.2991983466782894,0.2991983466782894,0.63153327,0.3684667
1970-01-01 00:01:05,31,0,0.3235294117647059,0.2824297026960524,0.2824297026960524,0.63666725,0.36333272
1970-01-01 00:01:07,31,0,0.2807022876983124,0.23363465675799888,0.23363465675799888,0.6372338,0.3627662
1970-01-01 00:01:09,31,0,0.3339737437860371,0.40049747825485194,0.40049747825485194,0.6454,0.35460007
1970-01-01 00:01:11,31,0,0.23529411764705882,0.2643274401820359,0.2643274401820359,0.64990205,0.35009795
1970-01-01 00:01:13,31,0,0.2647058823529412,0.2973683702047904,0.2973683702047904,0.6497579,0.35024208
1970-01-01 00:01:15,31,0,0.29361010975735174,0.26638449408694254,0.26638449408694254,0.65141165,0.3485883
1970-01-01 00:01:17,31,0,0.2777777777777778,0.36736324287058086,0.36736324287058086,0.6571975,0.34280252
1970-01-01 00:01:19,31,0,0.29411764705882354,0.2991983466782894,0.2991983466782894,0.654731,0.3452691
1970-01-01 00:01:21,31,0,0.3328201177351375,0.3410955201203233,0.3410955201203233,0.6379229,0.3620771
1970-01-01 00:01:23,31,0,0.29361010975735174,0.26638449408694254,0.26638449408694254,0.6165625,0.38343742
1970-01-01 00:01:25,31,0,0.32297112073308687,0.282842712474619,0.282842712474619,0.6292715,0.37072846
1970-01-01 00:01:27,31,0,0.2773500981126146,0.28504385627478446,0.28504385627478446,0.63005406,0.36994588
1970-01-01 00:01:29,31,0,0.21875,0.2208630521496931,0.2208630521496931,0.60740703,0.3925929
1970-01-01 00:01:31,31,0,0.2978879006693419,0.3,0.3,0.64671016,0.3532899
1970-01-01 00:01:33,31,0,0.26587526243036186,0.2849881999516386,0.2849881999516386,0.59847665,0.4015233
1970-01-01 00:01:35,31,0,0.19611613513818404,0.19383563742320478,0.19383563742320478,0.59879726,0.4012027
1970-01-01 00:01:37,31,0,0.279078152825719,0.282842712474619,0.282842712474619,0.60292405,0.39707595
1970-01-01 00:01:39,31,0,0.1860521018838127,0.21213203435596426,0.21213203435596426,0.6053961,0.39460388
1970-01-01 00:01:41,31,0,0.2628928070266437,0.2660760420950957,0.2660760420950957,0.6091047,0.3908953
1970-01-01 00:01:43,31,0,0.292103118918493,0.28079557305298436,0.28079557305298436,0.60752326,0.3924767
1970-01-01 00:01:45,31,0,0.2950745084165038,0.30117762965029443,0.30117762965029443,0.6090374,0.3909626
1970-01-01 00:01:47,31,0,0.19824558013652693,0.1917412472118426,0.1917412472118426,0.6115965,0.38840345
1970-01-01 00:01:49,31,0,0.3134470086591258,0.30117762965029443,0.30117762965029443,0.61513776,0.38486218
1970-01-01 00:01:51,31,0,0.2807022876983124,0.2872060404042193,0.2872060404042193,0.6180604,0.38193953
1970-01-01 00:01:53,31,0,0.2807022876983124,0.2993355473569827,0.2993355473569827,0.6279024,0.37209764
1970-01-01 00:01:55,31,0,0.23550106338027926,0.24951314462072213,0.24951314462072213,0.64579874,0.3542012
1970-01-01 00:01:57,31,0,0.28079557305298436,0.2857142857142857,0.2857142857142857,0.6412344,0.35876554
1970-01-01 00:01:59,31,0,0.2628928070266437,0.3333333333333333,0.3333333333333333,0.6413049,0.3586951
1970-01-01 00:02:01,31,0,0.2628928070266437,0.2660760420950957,0.2660760420950957,0.6336396,0.36636043
1970-01-01 00:02:03,31,0,0.3505237427021916,0.2993355473569827,0.2993355473569827,0.6366845,0.3633156
1970-01-01 00:02:05,31,0,0.24806946917841693,0.23281653683320877,0.23281653683320877,0.637717,0.362283
1970-01-01 00:02:07,31,0,0.32263844027011374,0.31868871959954903,0.31868871959954903,0.63331085,0.36668918
1970-01-01 00:02:09,31,0,0.31008683647302115,0.2993355473569827,0.2993355473569827,0.634628,0.365372
1970-01-01 00:02:11,31,0,0.24806946917841693,0.20896918976428644,0.20896918976428644,0.6390345,0.3609655
1970-01-01 00:02:13,31,0,0.29361010975735174,0.2807022876983124,0.2807022876983124,0.6465839,0.35341606
1970-01-01 00:02:15,31,0,0.305085107923876,0.34375,0.34375,0.6481122,0.35188785
1970-01-01 00:02:17,31,0,0.3430805738534929,0.31189143077590264,0.31189143077590264,0.6387435,0.36125645
1970-01-01 00:02:19,31,0,0.20098013110861648,0.21213203435596426,0.21213203435596426,0.6256611,0.3743389
1970-01-01 00:02:21,31,0,0.24806946917841693,0.23281653683320877,0.23281653683320877,0.61107326,0.38892683
1970-01-01 00:02:23,31,0,0.2950745084165038,0.2807022876983124,0.2807022876983124,0.6283259,0.37167406
1970-01-01 00:02:25,31,0,0.292103118918493,0.3,0.3,0.62507623,0.37492374
1970-01-01 00:02:27,31,0,0.32297112073308687,0.31189143077590264,0.31189143077590264,0.62403595,0.37596402
1970-01-01 00:02:29,31,0,0.23363465675799888,0.21374114996372895,0.21374114996372895,0.6229228,0.37707722
1970-01-01 00:02:31,31,0,0.23671603823699963,0.2660760420950957,0.2660760420950957,0.61556405,0.38443595
1970-01-01 00:02:33,31,0,0.23363465675799888,0.24936467495768377,0.24936467495768377,0.626242,0.373758
1970-01-01 00:02:35,31,0,0.31189143077590264,0.3,0.3,0.62544924,0.3745507
1970-01-01 00:02:37,31,0,0.29361010975735174,0.28125,0.28125,0.6367363,0.3632637
1970-01-01 00:02:39,31,0,0.31008683647302115,0.2660760420950957,0.2660760420950957,0.6337903,0.36620963
1970-01-01 00:02:41,31,0,0.2950745084165038,0.28125,0.28125,0.6112702,0.3887298
1970-01-01 00:02:43,31,0,0.23488808780588138,0.31660045650094026,0.31660045650094026,0.5969161,0.40308392
1970-01-01 00:02:45,31,0,0.33244291642765805,0.2768590677514941,0.2768590677514941,0.6055291,0.3944709
1970-01-01 00:02:47,31,0,0.2824297026960524,0.29637448918190956,0.29637448918190956,0.5962241,0.4037758
1970-01-01 00:02:49,31,0,0.2055270768301462,0.24445060351935236,0.24445060351935236,0.5961344,0.40386558
1970-01-01 00:02:51,31,0,0.31189143077590264,0.28797018815893544,0.28797018815893544,0.8233039,0.17669608
1970-01-01 00:02:53,31,0,0.2,0.24253562503633297,0.24253562503633297,0.8543668,0.1456332
1970-01-01 00:02:55,31,0,0.2716072381275556,0.22360679774997896,0.22360679774997896,0.64193565,0.35806435
1970-01-01 00:02:57,31,0,0.25,0.31622776601683794,0.31622776601683794,0.94428587,0.055714153
1970-01-01 00:02:59,31,0,0.30262874684312724,0.31008683647302115,0.31008683647302115,0.8755598,0.12444024
1970-01-01 00:03:01,31,0,0.26424909878161656,0.291547594742265,0.291547594742265,0.60491556,0.3950844
1970-01-01 00:03:03,31,0,0.25,0.242535625036333,0.242535625036333,0.6024522,0.39754778
1970-01-01 00:03:05,31,0,0.29411764705882354,0.3421286645713675,0.3421286645713675,0.60344166,0.3965584
1970-01-01 00:03:07,31,0,0.2807022876983124,0.282842712474619,0.282842712474619,0.6065748,0.39342523
1970-01-01 00:03:09,31,0,0.3125,0.35355339059327373,0.35355339059327373,0.60604537,0.3939546
1970-01-01 00:03:11,31,0,0.1871348584655416,0.16666666666666669,0.16666666666666669,0.6042697,0.39573032
1970-01-01 00:03:13,31,0,0.21875,0.24659848095803594,0.24659848095803594,0.6056646,0.3943354
1970-01-01 00:03:15,31,0,0.28125,0.33728926004813764,0.33728926004813764,0.6060386,0.39396143
1970-01-01 00:03:17,31,0,0.29411764705882354,0.31347391590650286,0.31347391590650286,0.6033412,0.39665875
1970-01-01 00:03:19,31,0,0.2371252278911338,0.2279611636547582,0.2279611636547582,0.6379778,0.36202216
1970-01-01 00:03:21,31,0,0.29411764705882354,0.28797018815893544,0.28797018815893544,0.6008367,0.3991633
1970-01-01 00:03:23,31,0,0.2371252278911338,0.29637448918190956,0.29637448918190956,0.60258156,0.3974184
1970-01-01 00:03:25,31,0,0.29411764705882354,0.291547594742265,0.291547594742265,0.60414493,0.3958551
1970-01-01 00:03:27,31,0,0.29411764705882354,0.38014296063485276,0.38014296063485276,0.60566694,0.39433312
1970-01-01 00:03:29,31,0,0.29411764705882354,0.3090612688845503,0.3090612688845503,0.602932,0.39706802
1970-01-01 00:03:31,31,0,0.2663348570040417,0.26148818018424536,0.26148818018424536,0.62428325,0.37571675
1970-01-01 00:03:33,31,0,0.20797258270192576,0.20181758367062985,0.20181758367062985,0.6071673,0.3928327
1970-01-01 00:03:35,31,0,0.2777777777777778,0.2898704818803739,0.2898704818803739,0.6029457,0.39705428
1970-01-01 00:03:37,31,0,0.23529411764705882,0.3219604581083923,0.3219604581083923,0.6074204,0.39257962
1970-01-01 00:03:39,31,0,0.2773500981126146,0.3268602252303067,0.3268602252303067,0.6077929,0.39220712
1970-01-01 00:03:41,31,0,0.23671603823699963,0.2623360911485515,0.2623360911485515,0.60433245,0.3956676
1970-01-01 00:03:43,31,0,0.35233213170882205,0.31660045650094026,0.31660045650094026,0.604132,0.39586806
1970-01-01 00:03:45,31,0,0.23529411764705882,0.21241928165661467,0.21241928165661467,0.6036667,0.39633328
1970-01-01 00:03:47,31,0,0.23529411764705882,0.3021458833601091,0.3021458833601091,0.6097905,0.3902095
1970-01-01 00:03:49,31,0,0.3333333333333333,0.3304093002275449,0.3304093002275449,0.61555034,0.38444966
1970-01-01 00:03:51,31,0,0.3235294117647059,0.32849046090561423,0.32849046090561423,0.6102273,0.38977265
1970-01-01 00:03:53,31,0,0.29411764705882354,0.2635231383473649,0.2635231383473649,0.6085921,0.39140797
1970-01-01 00:03:55,31,0,0.29411764705882354,0.282842712474619,0.282842712474619,0.61218435,0.38781568
1970-01-01 00:03:57,31,0,0.2647058823529412,0.2469323991623974,0.2469323991623974,0.6131728,0.38682714
1970-01-01 00:03:59,31,0,0.29411764705882354,0.25766265056033233,0.25766265056033233,0.6149474,0.38505262
1970-01-01 00:04:01,31,0,0.2777777777777778,0.29598452257987684,0.29598452257987684,0.6156841,0.3843159
1970-01-01 00:04:03,31,0,0.29411764705882354,0.294174202707276,0.294174202707276,0.6118606,0.3881394
1970-01-01 00:04:05,31,0,0.29558457709179087,0.3268602252303067,0.3268602252303067,0.618936,0.381064
1970-01-01 00:04:07,31,0,0.3243029660565926,0.3304093002275449,0.3304093002275449,0.6031554,0.3968446
1970-01-01 00:04:09,31,0,0.23488808780588138,0.24485659299112555,0.24485659299112555,0.59245473,0.40754524
1970-01-01 00:04:11,31,0,0.2807022876983124,0.2831760569774271,0.2831760569774271,0.59529585,0.40470418
1970-01-01 00:04:13,31,0,0.3430805738534929,0.3268602252303067,0.3268602252303067,0.5939789,0.40602118
1970-01-01 00:04:15,31,0,0.29361010975735174,0.2469323991623974,0.2469323991623974,0.5951344,0.4048656
1970-01-01 00:04:17,31,0,0.3125,0.291547594742265,0.291547594742265,0.5953701,0.40462986
1970-01-01 00:04:19,31,0,0.2647058823529412,0.2635231383473649,0.2635231383473649,0.59535414,0.4046459
1970-01-01 00:04:21,31,0,0.25,0.29598452257987684,0.29598452257987684,0.5959876,0.40401235
1970-01-01 00:04:23,31,0,0.2663348570040417,0.28154625318573645,0.28154625318573645,0.59688634,0.40311375
1970-01-01 00:04:25,31,0,0.29361010975735174,0.26814670400222457,0.26814670400222457,0.5976006,0.40239945
1970-01-01 00:04:27,31,0,0.2647058823529412,0.28504385627478446,0.28504385627478446,0.5983823,0.4016177
1970-01-01 00:04:29,31,0,0.23488808780588138,0.2208630521496931,0.2208630521496931,0.59928185,0.40071812
1970-01-01 00:04:31,31,0,0.29361010975735174,0.2643274401820359,0.2643274401820359,0.5986817,0.40131828
1970-01-01 00:04:33,31,0,0.3055555555555556,0.32849046090561423,0.32849046090561423,0.59915084,0.40084916
1970-01-01 00:04:35,31,0,0.3248635593290371,0.35355339059327373,0.35355339059327373,0.59821916,0.40178087
1970-01-01 00:04:37,31,0,0.29411764705882354,0.28079557305298436,0.28079557305298436,0.598673,0.401327
1970-01-01 00:04:39,31,0,0.2777777777777778,0.25,0.25,0.5976457,0.40235433
1970-01-01 00:04:41,31,0,0.29411764705882354,0.28154625318573645,0.28154625318573645,0.597992,0.40200794
1970-01-01 00:04:43,31,0,0.2999423243289873,0.2635231383473649,0.2635231383473649,0.5980716,0.4019284
1970-01-01 00:04:45,31,0,0.2777777777777778,0.25,0.25,0.5976291,0.40237093
1970-01-01 00:04:47,31,0,0.32297112073308687,0.26148818018424536,0.26148818018424536,0.5956337,0.4043663
1970-01-01 00:04:49,31,0,0.23529411764705882,0.28797018815893544,0.28797018815893544,0.59689164,0.4031083
1970-01-01 00:04:51,31,0,0.2647058823529412,0.272462488904917,0.272462488904917,0.59922916,0.40077084
1970-01-01 00:04:53,31,0,0.2647058823529412,0.28797018815893544,0.28797018815893544,0.60017115,0.3998288
1970-01-01 00:04:55,31,0,0.24951314462072213,0.24445060351935236,0.24445060351935236,0.60294604,0.39705396
1970-01-01 00:04:57,31,0,0.2807022876983124,0.2635231383473649,0.2635231383473649,0.60081965,0.39918032
1970-01-01 00:04:59,31,0,0.1871348584655416,0.15156837721956704,0.15156837721956704,0.609961,0.39003906
1970-01-01 00:05:01,31,0,0.23529411764705882,0.2279611636547582,0.2279611636547582,0.5975411,0.40245894
1970-01-01 00:05:03,31,0,0.29411764705882354,0.33205723713484164,0.33205723713484164,0.5968906,0.4031093
1970-01-01 00:05:05,31,0,0.29411764705882354,0.3086794759421567,0.3086794759421567,0.5973023,0.40269774
1970-01-01 00:05:07,31,0,0.23529411764705882,0.23795783581116134,0.23795783581116134,0.597523,0.40247706
1970-01-01 00:05:09,31,0,0.2773500981126146,0.32849046090561423,0.32849046090561423,0.6057522,0.39424774
1970-01-01 00:05:11,31,0,0.32297112073308687,0.3268602252303067,0.3268602252303067,0.600551,0.399449
1970-01-01 00:05:13,31,0,0.29361010975735174,0.3333333333333333,0.3333333333333333,0.598309,0.40169108
1970-01-01 00:05:15,31,0,0.2209708691207961,0.17806548535067296,0.17806548535067296,0.604685,0.3953149
1970-01-01 00:05:17,31,0,0.28125,0.26638449408694254,0.26638449408694254,0.60193574,0.3980642
1970-01-01 00:05:19,31,0,0.2571922625628131,0.27937211830783126,0.27937211830783126,0.60113966,0.3988603
1970-01-01 00:05:21,31,0,0.29361010975735174,0.25423246516026116,0.25423246516026116,0.5987725,0.40122747
1970-01-01 00:05:23,31,0,0.20588235294117646,0.23702273156998863,0.23702273156998863,0.59635097,0.40364897
1970-01-01 00:05:25,31,0,0.305085107923876,0.31096320233678326,0.31096320233678326,0.5966736,0.40332636
1970-01-01 00:05:27,31,0,0.29942473580817114,0.2831760569774271,0.2831760569774271,0.5959672,0.40403283
1970-01-01 00:05:29,31,0,0.33244291642765805,0.29598452257987684,0.29598452257987684,0.59554404,0.40445593
1970-01-01 00:05:31,31,0,0.26424909878161656,0.2831760569774271,0.2831760569774271,0.59582543,0.40417457
1970-01-01 00:05:33,31,0,0.2711630722733202,0.2,0.2,0.59677845,0.40322158
1970-01-01 00:05:35,31,0,0.24961508830135312,0.28797018815893544,0.28797018815893544,0.5960572,0.4039428
1970-01-01 00:05:37,31,0,0.20797258270192576,0.19611613513818402,0.19611613513818402,0.59940404,0.400596
1970-01-01 00:05:39,31,0,0.29411764705882354,0.29598452257987684,0.29598452257987684,0.59406435,0.4059357
1970-01-01 00:05:41,31,0,0.35294117647058826,0.3268602252303067,0.3268602252303067,0.5958638,0.40413618
1970-01-01 00:05:43,31,0,0.35355339059327373,0.3733939969028385,0.3733939969028385,0.59529394,0.40470615
1970-01-01 00:05:45,31,0,0.29942473580817114,0.3509568801253468,0.3509568801253468,0.59666014,0.40333986
1970-01-01 00:05:47,31,0,0.35355339059327373,0.3304093002275449,0.3304093002275449,0.59720635,0.40279368
1970-01-01 00:05:49,31,0,0.29558457709179087,0.32849046090561423,0.32849046090561423,0.59711516,0.40288487
1970-01-01 00:05:51,31,0,0.2950745084165038,0.33695269386655763,0.33695269386655763,0.60075074,0.3992493
1970-01-01 00:05:53,31,0,0.29411764705882354,0.3304093002275449,0.3304093002275449,0.607281,0.39271894
1970-01-01 00:05:55,31,0,0.29411764705882354,0.31008683647302115,0.31008683647302115,0.6010531,0.39894688
1970-01-01 00:05:57,31,0,0.3430805738534929,0.291547594742265,0.291547594742265,0.60635686,0.39364317
1970-01-01 00:05:59,31,0,0.29411764705882354,0.2643274401820359,0.2643274401820359,0.60710067,0.39289933
